Workbook

Sheet Einstellungen
A1: Feld | B1: Wert
A2: Turniername | B2: Stammtischturnier 2026
A3: Datum | B3: 14.11.2026
A4: Startzeit | B4: 14:00
A5: Spieldauer (Min.) | B5: 10
A6: Pause (Min.) | B6: 2

Sheet Teams
A1: Team | B1: Gruppe | C1: Los
A2: Team A1 | B2: A
A3: Team A2 | B3: A
A4: Team A3 | B4: A
A5: Team A4 | B5: A
A6: Team A5 | B6: A
A7: Team B1 | B7: B
A8: Team B2 | B8: B
A9: Team B3 | B9: B
A10: Team B4 | B10: B
A11: Team B5 | B11: B

Sheet Spielplan
A1: Nr. | B1: Runde | C1: Heim | D1: Gast | E1: Tore Heim | F1: Tore Gast
A2: 1 | B2: Gruppe A | C2: =Teams!A2 -> Team A1 | D2: =Teams!A3 -> Team A2
A3: 2 | B3: Gruppe B | C3: =Teams!A7 -> Team B1 | D3: =Teams!A8 -> Team B2
A4: 3 | B4: Gruppe A | C4: =Teams!A4 -> Team A3 | D4: =Teams!A5 -> Team A4
A5: 4 | B5: Gruppe B | C5: =Teams!A9 -> Team B3 | D5: =Teams!A10 -> Team B4
A6: 5 | B6: Gruppe A | C6: =Teams!A2 -> Team A1 | D6: =Teams!A6 -> Team A5
A7: 6 | B7: Gruppe B | C7: =Teams!A7 -> Team B1 | D7: =Teams!A11 -> Team B5
A8: 7 | B8: Gruppe A | C8: =Teams!A3 -> Team A2 | D8: =Teams!A4 -> Team A3
A9: 8 | B9: Gruppe B | C9: =Teams!A8 -> Team B2 | D9: =Teams!A9 -> Team B3
A10: 9 | B10: Gruppe A | C10: =Teams!A5 -> Team A4 | D10: =Teams!A6 -> Team A5
A11: 10 | B11: Gruppe B | C11: =Teams!A10 -> Team B4 | D11: =Teams!A11 -> Team B5
A12: 11 | B12: Gruppe A | C12: =Teams!A2 -> Team A1 | D12: =Teams!A4 -> Team A3
A13: 12 | B13: Gruppe B | C13: =Teams!A7 -> Team B1 | D13: =Teams!A9 -> Team B3
A14: 13 | B14: Gruppe A | C14: =Teams!A3 -> Team A2 | D14: =Teams!A5 -> Team A4
A15: 14 | B15: Gruppe B | C15: =Teams!A8 -> Team B2 | D15: =Teams!A10 -> Team B4
A16: 15 | B16: Gruppe A | C16: =Teams!A4 -> Team A3 | D16: =Teams!A6 -> Team A5
A17: 16 | B17: Gruppe B | C17: =Teams!A9 -> Team B3 | D17: =Teams!A11 -> Team B5
A18: 17 | B18: Gruppe A | C18: =Teams!A2 -> Team A1 | D18: =Teams!A5 -> Team A4
A19: 18 | B19: Gruppe B | C19: =Teams!A7 -> Team B1 | D19: =Teams!A10 -> Team B4
A20: 19 | B20: Gruppe A | C20: =Teams!A3 -> Team A2 | D20: =Teams!A6 -> Team A5
A21: 20 | B21: Gruppe B | C21: =Teams!A8 -> Team B2 | D21: =Teams!A11 -> Team B5
A22: 21 | B22: Spiel um Platz 9 | C22: A5 | D22: B5
A23: 22 | B23: Halbfinale 1 | C23: A1 | D23: B2
A24: 23 | B24: Spiel um Platz 7 | C24: A4 | D24: B4
A25: 24 | B25: Halbfinale 2 | C25: A2 | D25: B1
A26: 25 | B26: Spiel um Platz 5 | C26: A3 | D26: B3
A27: 26 | B27: Spiel um Platz 3 | C27: Verlierer HF1 | D27: Verlierer HF2
A28: 27 | B28: Finale | C28: Sieger HF1 | D28: Sieger HF2

Sheet Spieler
A1: Name | B1: Team | C1: Tore
A2: Max Mustermann | B2: Team A1 | C2: 0
